,,,,,,,,,,,,,,, GOVERNMENT OF MEGHALAYA.,,,,,,,,,,,,,,,,, Area: In Hectares ,,,,,
,,,,,,,,,,,,,"DIRECTORATE OF AGRICULTURE, MEGHALAYA, SHILLONG.",,,,,,,,,,,,,,,,,, Production: In Metric Tonnes ,,,,,,
,STATE: MEGHALAYA,(Provisional),,,,,,,,,"DISTRICT WISE AREA, PRODUCTION & YIELD OF AGRICULTURAL CROPS FOR 2013-2014",,,,,,,,,,,,,,,,,,,,, Yield: In Kg/Hectare. ,,,,,
,,,Ri-Bhoi District ,,,,,,,,,,,,,,,,,,,,,,,,,,,,,,,,,,
Sl ,NAME OF,,,,,East Khasi Hills ,,,West Khasi Hills ,,South west Khasi Hills ,,,,East Jaintia Hills ,,,WestJaintia Hills ,,,East Garo Hills ,,North,Garo Hills ,,,West Garo Hills ,,South West Garo ,,,South Garo Hills ,,,TOTAL MEGHALAYA ,,
No. ,CROPS ,,,,,,,,,,,,,,,,,,,,,,,,,,,,,,,,,,,,
,,Area ,Prodn. ,AY ,Area ,Prodn. ,AY ,Area ,Prodn. ,AY ,Area ,Prodn. ,AY ,Area ,Prodn ,AY ,Area ,Prodn. ,AY ,Area ,Prodn. ,AY ,Area ,Prodn ,AY ,Area ,Prodn. ,AY ,Area ,Prodn. ,AY ,Area ,Prodn. ,AY ,Area ,Prodn. ,AY 
1,2,3,4,5,6,7,8,9,10,11,12,13,14,15,16,17,18,19,20,21,22,23,24,25,26,27,28,29,30,31,32,33,34,35,36,37,38
,RICE ,,,,,,,,,,,,,,,,,,,,,,,,,,,,,,,,,,,,
1,,,,,,,,,,,,,,,,,,,,,,,,,,,,,,,,,,,,,
,Autumn ,,,,,,,25,,,,,,,,,,,,,,,,,,,,,,,,,,,,,
a) ,,157,440,2803,280,842,3007,,62,2480,61,129,2115,27,63,2333,77,185,2403,5837,13713,2349,4985,11120,2231,11296,23688,2097,5408,11184,2068,4897,9797,2001,33050,71223,2155
,Rice ,,,,,,,,,,,,,,,,,,,,,,,,,,,,,,,,,,,,
b) ,Winter Rice ,9269,29001,3129,5429,11500,2118,5975,10184,1704,1720,2837,1649,4338,8499,1959,7911,15624,1975,3154,5414,1717,3683,7222,1961,11340,32263,2845,7374,20791,2820,3346,7303,2183,63539,150638,2371
,,,,,,,,,,2200,,,,,,,,,,,,,,,,,,,,,,,,,,,
c) ,Spring Rice ,181,350,1934,125,250,2000,20,44,,34,84,2471,21,45,2143,77,166,2156,30,52,1733,83,120,1446,7726,35084,4541,4879,22168,4544,268,322,1201,13444,58685,4365
TOTAL RICE ,,9607,29791,3101,5834,12592,2158,6020,10290,1709,1815,3050,1680,4386,8607,1962,8065,15975,1981,9021,19179,2126,8751,18462,2110,30362,91035,2998,17661,54143,3066,8511,17422,2047,110033,280546,2550
2,Wheat ,- ,- ,- ,- ,- ,- ,4,5,1250,- ,- ,- ,- ,- ,- ,- ,- ,- ,13,14,1077,37,47,1270,179,353,1972,189,370,1958,- ,- ,- ,422,789,1870
3,Maize ,1584,4877,3079,2092,6735,3219,3076,5661,1840,1362,2211,1623,350,755,2157,2851,5126,1798,792,1489,1880,293,544,1857,3136,7039,2245,1489,3533,2373,1000,1685,1685,18025,39655,2200
,SMALL,,,,,,,,,,,,,,,,,,,,,,,,,,,,,,,,,,,,
4,MILLETS ,,,,,,,,,,,,,,,,,,,,,,,,,,,,,,,,,,,,
a) ,Finger,,,,,,,,,,,,,,,,,,,,,,,,,,,,,,,,,,,,
,Millet ,11,12,1091,72,83,1153,172,190,1105,25,29,1160,- ,- ,- ,155,199,1284,215,167,777,36,28,778,202,136,673,- ,- ,- ,21,33,1571,909,877,965
b) ,Foxtail,,,,,,,,,,,,,,,,,,,,,,,,,,,,,,,,,,,,
,,9,10,1111,48,66,1375,42,54,1286,5,6,1200,- ,- ,- ,47,68,1447,161,209,1298,36,45,1250,827,491,594,206,142,689,153,173,1131,1534,1264,824
,Millet ,,,,,,,,,,,,,,,,,,,,,,,,,,,,,,,,,,,,
c) ,,,,,,,,,,,,,,,,,,,,,,,,,,,,,,,,,,,,,
,Pearl Millet ,- ,- ,- ,44,50,1136,47,47,1000,7,8,1143,- ,- ,- ,- ,- ,- ,50,48,960,30,32,1067,55,30,545,26,10,385,58,68,1172,317,293,924
d) ,,,,,,,,,,,,,,,,,,,,,,,,,,,,,,,,,,,,,
,Job’s tear ,- ,- ,- ,49,38,776,- ,- ,- ,- ,- ,- ,,,,,,,- ,- ,- ,- ,- ,- ,- ,- ,- ,- ,- ,- ,- ,- ,- ,49,38,776
e) ,Other,,,,,,,,,,,,,,,,,,,,,,,,,,,,,,,,,,,,
,,5,5,1000,40,61,1525,- ,- ,- ,- ,- ,- ,- ,- ,- ,- ,- ,- ,- ,- ,- ,- ,- ,- ,- ,- ,- ,- ,- ,- ,- ,- ,- ,45,66,1467
,Millets ,,,,,,,,,,,,,,,,,,,,,,,,,,,,,,,,,,,,
TOTAL SMALL,,,,,,,,,,,,,,,,,,,,,,,,,,,,,,,,,,,,,
,MILLETS ,,,,,,,,,,,,,,,,,,,,,,,,,,,,,,,,,,,,
,,25,27,1080,253,298,1178,261,291,1115,37,43,1162,- ,- ,- ,202,267,1322,426,424,995,102,105,1029,1084,657,606,232,152,655,232,274,1181,2854,2538,889
5,PULSES ,,,,,,,,,,,,,,,,,,,,,,,,,,,,,,,,,,,,
,,,,,,,,,,,6,,,18,,,,,,,,,,,,,,,,,,98,,,,,1882
a) ,Pea ,56,62,1107,562,1973,3511,54,115,2130,,11,1833,,15,833,100,105,1050,193,205,1062,105,113,1076,720,862,1197,295,373,1264,,320,3265,2207,4154,
b) ,Cow Pea ,10,14,1400,15,48,3200,13,20,1538,3,7,2333,22,21,955,32,34,1063,119,94,790,106,81,764,817,1478,1809,148,224,1514,323,275,851,1608,2296,1428
c) ,Lentil ,- ,- ,- ,74,148,2000,- ,- ,- ,- ,- ,- ,- ,- ,- ,- ,- ,- ,17,24,1412,24,35,1458,633,605,956,447,425,951,32,46,1438,1227,1283,1046
d) ,Tur (Arhar) ,- ,- ,- ,- ,- ,- ,- ,- ,- ,- ,- ,- ,- ,- ,- ,- ,- ,- ,70,67,957,48,45,938,573,772,1347,315,439,1394,135,102,756,1141,1425,1249
e) ,Gram ,- ,- ,- ,- ,- ,- ,- ,- ,- ,- ,- ,- ,- ,- ,- ,- ,- ,- ,312,288,923,405,408,1007,743,745,1003,276,312,1130,69,70,1014,1805,1823,1010
TOTAL,PULSES ,66,76,1152,651,2169,3332,67,135,2015,9,18,2000,40,36,900,132,139,1053,711,678,954,688,682,991,3486,4462,1280,1481,1773,1197,657,813,1237,7988,10981,1375
,TOTAL,,,,,,,,,,,,,,,,,,,,,,,,,,,,,,,,,,,,
,,11282,34771,3082,8830,21794,2468,9428,16382,1738,3223,5322,1651,4776,9398,1968,11250,21507,1912,10963,21784,1987,9871,19840,2010,38247,103546,2707,21052,59971,2849,10400,20194,1942,139322,334509,2401
FOODGRAINS ,,,,,,,,,,,,,,,,,,,,,,,,,,,,,,,,,,,,,
6,OILSEEDS ,,,,,,,,,,,,,,,,,,,,,,,,,,,,,,,,,,,,
a) ,Castor ,4,6,1500,- ,- ,- ,- ,- ,- ,- ,- ,- ,- ,- ,- ,- ,- ,- ,14,12,857,11,8,727,15,10,667,19,14,737,- ,- ,- ,63,50,794
b) ,Sesamum ,- ,- ,- ,72,100,1389,34,38,1118,6,8,1333,10,7,700,27,22,815,255,209,820,77,71,922,1075,939,873,441,422,957,211,182,863,2208,1998,905
,Rape,,,,,,,,,,,,,,,,,,,,,,,,,,,,,,,,,,,,
c) ,,200,140,700,92,79,859,32,29,906,5,6,1200,11,9,818,79,69,873,329,253,769,560,588,1050,5430,5241,965,2738,2621,957,284,237,835,9760,9272,950
,&Mustard ,,,,,,,,,,,,,,,,,,,,,,,,,,,,,,,,,,,,
d) ,Soyabean ,232,287,1237,333,404,1213,41,44,1073,5,7,1400,57,89,1561,568,809,1424,89,91,1022,96,101,1052,129,748,5798,84,496,5905,15,31,2067,1649,3107,1884
e) ,Linseed ,- ,- ,- ,- ,- ,- ,- ,- ,- ,- ,- ,- ,- ,- ,- ,- ,- ,- ,- ,- ,- ,- ,- ,- ,76,41,539,13,7,538,- ,- ,- ,89,48,539
f) ,Sunflower ,- ,- ,- ,- ,- ,- ,- ,- ,- ,- ,- ,- ,- ,- ,- ,- ,- ,- ,- ,- ,- ,- ,- ,- ,- ,- ,- ,- ,- ,- ,- ,- ,- ,532,1107,2080
g) ,Groundnut ,- ,- ,- ,- ,- ,- ,- ,- ,- ,- ,- ,- ,- ,- ,- ,- ,- ,- ,- ,- ,- ,- ,- ,- ,- ,- ,- ,- ,- ,- ,- ,- ,- ,890,2468,2773
TOTAL OILSEEDS ,,436,433,993,497,583,1173,107,111,1037,16,21,1313,78,105,1346,674,900,1335,687,565,822,744,768,1032,6725,6979,8842,3295,3560,1080,510,450,882,15191,18050,1188
7,Fibre Crops ,,,,,,,,,,,,,,,,,,,,,,,,,,,,,,,,,,,,
,,,,,,,,,,,,,,- ,- ,- ,- ,- ,- ,1801,1653,156,863,743,146,3968,5396,231,441,565,218,,,,,,
 a) ,Cotton* ,- ,- ,- ,- ,- ,- ,- ,- ,- ,- ,- ,- ,,,,,,,,,,,,,,,,,,,202,245,206,7275,8602,201
 b) ,Jute** ,- ,- ,- ,- ,- ,- ,- ,- ,- ,- ,- ,- ,- ,- ,- ,- ,- ,- ,42,474,2031,402,4507,2018,3850,39991,1870,1708,18047,1902,498,2523,912,6500,65542,1815
c) ,Mesta** ,- ,- ,- ,- ,- ,- ,- ,- ,- ,- ,- ,- ,,,,,,,19,117,1108,51,324,1144,2223,12715,1030,1299,7785,1079,883,5287,1078,4475,26228,1055
8,Other Crops ,,,,,,,,,,,,,,,,,,,,,,,,,,,,,,,,,,,,
,,,,,,,,,,,,,,5,4,800,7,8,1143,21,62,2952,17,52,3059,26,93,3577,11,40,3636,,,,,,
a) ,Sugarcane ,- ,- ,- ,- ,- ,- ,9,24,2667,- ,- ,- ,,,,,,,,,,,,,,,,,,,9,32,3556,105,315,3000
b) ,Tobacco ,- ,- ,- ,- ,- ,- ,40,58,1450,- ,- ,- ,- ,- ,- ,- ,- ,- ,99,92,929,133,121,910,230,208,904,152,150,987,126,101,802,780,730,936
GRAND TOTAL ,,11718,35204,3004,9327,22377,2399,9584,16575,1729,3239,5343,1650,4859,9507,1957,11931,22415,1879,13632,24747,1815,12081,26355,2182,55269,168928,3056,27958,90118,3223,12628,28832,2283,173648,453976,2614
, N.B.: ** Jute & Mesta = In bales of 180 Kgs/each,,,,,,,,,,,,,,,* Cotton = In bales of 170 Kgs/each,,,,,,,,,,,,,,,,,,,,,
Sd/-,,,,,,,, Sd/-,,,,,,,,, Sd/-,,,,,,,Sd/-,,,,,,,,Sd/-,,,,,
"Chairman,",,,,,,," Member Secretary,",,,,,,,,,,"Member,",,,,,,,Member,,,,,,,, Member,,,,,
State Level Crop Committee,,,,,,,,"Director,",,,,,,,,"Director of Agriculture,",,,,,,,"Director of Horticulture,",,,,,,,,"Director of Soil & Water Conservation,",,,,,,
"Join Secretary, Agriculture/Horticulture Deptt.",,,,,,,Economics & Statistics.,,,,,,,,,Government of Meghalaya.,,,,,,,Government of Meghalaya.,,,,,,,,Government of Meghalaya. ,,,,,,
 Government of Meghalaya.,,,,,,,Government of Meghalaya. ,,,,,,,,,,,,,,,,,,,,,,,,,,,,,,
,,,,,,,,,,,,,,,,,,, GOVERNMENT OF MEGHALAYA.,,,,,,,,,,,,,,,Area: In Hectares ,,,
,,,,,,,,,,,,,,,," DIRECTORATE OF AGRICULTURE, MEGHALAYA, SHILLONG.",,,,,,,,,,,,,,,,,Production: In Metric Tonnes,,,,
,STATE: MEGHALAYA,,,,,,,,,,,,,"DISTRICT WISE AREA, PRODUCTION & YIELD OF AGRICULTURAL CROPS FOR 2014-2015",,,,,,,,,,,,,,,,,,,Yield: In Kg/Hectare. ,,,,
,,Ri-Bhoi District ,,,,,,,,,,,,,,,,,,,,,,,,,,,,,,,,,,,
,,,,,East Khasi Hills ,,,West Khasi Hills ,,,South west Khasi Hills ,,,East Jaintia Hills ,,,WestJaintia Hills ,,,East Garo Hills ,,,North,Garo Hills ,,West Garo Hills ,,,South West Garo ,,,South Garo Hills ,,,TOTAL MEGHALAYA ,,
Sl. ,NAME OF,,,,,,,,,,,,,,,,,,,,,,,,,,,,,,,,,,,,
No. ,CROPS ,,,,,,,,,,,,,,,,,,,,,,,,,,,,,,,,,,,,
,,Area ,Prodn. ,AY ,Area ,Prodn. ,AY ,Area ,Prodn. ,AY ,Area ,Prodn. ,AY ,Area ,Prodn. ,AY ,Area ,Prodn. ,AY ,Area ,Prodn. ,AY ,Area ,Prodn ,AY ,Area ,Prodn. ,AY ,Area ,Prodn. ,AY ,Area ,Prodn. ,AY ,Area ,Prodn. ,AY 
1,2,3,4,5,6,7,8,9,10,11,12,13,14,15,16,17,18,19,20,21,22,23,24,25,26,27,28,29,30,31,32,33,34,35,36,37,38
1,RICE ,,,,,,,,,,,,,,,,,,,,,,,,,,,,,,,,,,,,
a) ,Autumn Rice ,158,494,3127,281,896,3189,26,64,2462,62,138,2226,27,66,2444,78,198,2538,5845,14605,2499,4993,12110,2425,11313,25383,2244,5414,11835,2186,4905,10543,2149,33102,76332,2306
b) ,Winter Rice ,9278,31115,3354,5435,12335,2270,5980,10858,1816,1722,3105,1803,4341,8937,2059,7920,16941,2139,3157,5821,1844,3687,7766,2106,11352,33035,2910,7380,21175,2869,3349,7832,2339,63601,158920,2499
c) ,Spring Rice ,183,386,2109,127,260,2047,21,47,2238,35,89,2543,21,47,2238,78,176,2256,30,53,1767,84,127,1512,7845,37561,4788,4924,23599,4793,272,342,1257,13620,62687,4603
TOTAL RICE ,,9619,31995,3326,5843,13491,2309,6027,10969,1820,1819,3332,1832,4389,9050,2062,8076,17315,2144,9032,20479,2267,8764,20003,2282,30510,95979,3146,17718,56609,3195,8526,18717,2195,110323,297939,2701
2,Wheat ,- ,- ,- ,- ,- ,- ,5,7,1400,- ,- ,- ,- ,- ,- ,- ,- ,- ,15,17,1133,40,51,1275,185,373,2016,197,396,2010,- ,- ,- ,442,844,1910
3,Maize ,2079,6787,3265,2833,9442,3333,4128,7920,1919,1856,3135,1689,473,1072,2266,3840,7196,1874,1040,2127,2045,416,702,1688,4388,9961,2270,1983,4875,2458,1371,2355,1718,24407,55572,2277
,SMALL,,,,,,,,,,,,,,,,,,,,,,,,,,,,,,,,,,,,
4,MILLETS ,,,,,,,,,,,,,,,,,,,,,,,,,,,,,,,,,,,,
a) ,Finger Millet ,12,14,1167,72,87,1208,173,206,1191,25,31,1240,- ,- ,- ,156,204,1308,216,171,792,36,29,806,204,146,716,- ,- ,- ,25,38,1520,919,926,1008
b) ,Foxtail Millet ,10,12,1200,50,70,1400,42,56,1333,5,7,1400,- ,- ,- ,48,71,1479,162,212,1309,36,46,1278,829,503,607,207,146,705,154,181,1175,1543,1304,845
c) ,Pearl Millet ,- ,- ,- ,45,53,1178,48,52,1083,7,9,1286,- ,- ,-- ,- ,- ,- ,50,49,980,30,32,1067,57,34,596,26,11,423,58,70,1207,321,310,966
d) ,Job’s tear ,- ,- ,- ,50,41,820,- ,- ,- ,- ,- ,- ,- ,- ,- ,- ,- ,- ,- ,- ,- ,- ,- ,- ,- ,- ,- ,- ,- ,- ,- ,- ,- ,50,41,820
e) ,Other Millets ,5,5,1000,40,63,1575,- ,- ,- ,- ,- ,- ,- ,- ,- ,- ,- ,- ,- ,- ,- ,- ,- ,- ,- ,- ,- ,- ,- ,- ,- ,- ,- ,45,68,1511
TOTAL SMALL,,,,,,,,,,,,,,,,,,,,,,,,,,,,,,,,,,,,,
,MILLETS ,27,31,1148,257,314,1222,263,314,1194,37,47,1270,- ,- ,- ,204,275,1348,428,432,1009,102,107,1049,1090,683,627,233,157,674,237,289,1219,2878,2649,920
5,PULSES ,,,,,,,,,,,,,,,,,,,,,,,,,,,,,,,,,,,,
a) ,Pea ,58,66,1138,563,1993,3540,55,122,2218,6,13,2167,18,17,944,102,111,1088,194,210,1082,106,119,1123,730,889,1218,303,409,1350,100,331,3310,2235,4280,1915
b) ,Cow Pea ,11,16,1455,16,52,3250,14,22,1571,3,8,2667,22,22,1000,34,39,1147,122,106,869,107,88,822,819,1493,1823,149,227,1523,325,299,920,1622,2372,1462
c) ,Lentil ,- ,- ,- ,75,153,2040,- ,- ,- ,- ,- ,- ,- ,- ,- ,- ,- ,- ,17,25,1471,25,38,1520,635,619,975,448,432,964,34,51,1500,1234,1318,1068
d) ,Tur (Arhar) ,- ,- ,- ,- ,- ,- ,- ,- ,- ,- ,- ,- ,- ,- ,- ,- ,- ,- ,71,69,972,48,46,958,577,801,1388,316,444,1405,136,105,772,1148,1465,1276
e) ,Gram ,- ,- ,- ,- ,- ,- ,- ,- ,- ,- ,- ,- ,- ,- ,- ,- ,- ,- ,313,296,946,407,416,1022,747,763,1021,277,322,1162,70,74,1057,1814,1871,1031
TOTAL,PULSES ,69,82,1188,654,2198,3361,69,144,2087,9,21,2333,40,39,975,136,150,1103,717,706,985,693,707,1020,3508,4565,1301,1493,1834,1228,665,860,1293,8053,11306,1404
TOTAL FOODGRAINS ,,11794,38895,3298,9587,25445,2654,10492,19354,1845,3721,6535,1756,4902,10161,2073,12256,24936,2035,11232,23761,2115,10015,21570,2154,39681,111561,2811,21624,63871,2954,10799,22221,2058,146103,368310,2521
6,OILSEEDS ,,,,,,,,,,,,,,,,,,,,,,,,,,,,,,,,,,,,
a) ,Castor ,5,8,1600,- ,- ,- ,- ,- ,- ,- ,- ,- ,- ,- ,- ,- ,- ,- ,15,14,933,11,9,818,16,11,688,20,16,800,- ,- ,- ,67,58,866
b) ,Sesamum ,- ,- ,- ,73,105,1438,35,41,1171,6,9,1500,10,8,800,28,23,821,256,217,848,77,76,987,1078,967,897,442,433,980,215,187,870,2220,2066,931
,Rape,,,,,,,,,,,,,,,,,,,,,,,,,,,,,,,,,,,,
c) ,&Mustard ,201,146,726,93,81,871,32,30,938,5,6,1200,11,9,818,80,71,888,329,256,778,562,601,1069,5434,5253,967,2743,2651,966,285,243,853,9775,9347,956
d) ,Soyabean ,241,307,1274,346,433,1251,43,47,1093,5,7,1400,60,95,1583,588,868,1476,92,97,1054,100,110,1100,134,805,6007,87,529,6080,16,34,2125,1712,3332,1946
e) ,Linseed ,- ,- ,- ,- ,- ,- ,- ,- ,- ,- ,- ,- ,- ,- ,- ,- ,- ,- ,- ,- ,- ,- ,- ,- ,77,43,558,13,7,538,- ,- ,- ,90,50,556
f) ,Sunflower ,- ,- ,- ,- ,- ,- ,- ,- ,- ,- ,- ,- ,- ,- ,- ,- ,- ,- ,- ,- ,- ,- ,- ,- ,- ,- ,- ,- ,- ,- ,- ,- ,- ,537,1128,2101
g) ,Groundnut ,- ,- ,- ,- ,- ,- ,- ,- ,- ,- ,- ,- ,- ,- ,- ,- ,- ,- ,- ,- ,- ,- ,- ,- ,- ,- ,- ,- ,- ,- ,- ,- ,- ,915,2547,2784
TOTAL OILSEEDS ,,447,461,1031,512,619,1209,110,118,1073,16,22,1375,81,112,1383,696,962,1382,692,584,844,750,796,1061,6739,7079,1050,3305,3636,1100,516,464,899,15316,18528,1210
7,Fibre Crops ,,,,,,,,,,,,,,,,,,,,,,,,,,,,,,,,,,,,
a) ,Cotton* ,- ,- ,- ,- ,- ,- ,- ,- ,- ,- ,- ,- ,- ,- ,- ,- ,- ,- ,1809,1741,164,866,773,152,3979,5627,240,448,625,237,203,258,216,7305,9024,210
b) ,Jute** ,- ,- ,- ,- ,- ,- ,- ,- ,- ,- ,- ,- ,- ,- ,- ,- ,- ,- ,45,518,2072,408,4617,2037,3911,41109,1892,1738,18520,1918,508,2605,923,6610,67369,1835
c) ,Mesta** ,- ,- ,- ,- ,- ,- ,- ,- ,- ,- ,- ,- ,- ,- ,- ,- ,- ,- ,19,118,1118,52,334,1156,2227,12719,1028,1311,7905,1085,887,5308,1077,4496,26384,1056
8,Other Crops ,,,,,,,,,,,,,,,,,,,,,,,,,,,,,,,,,,,,
a) ,Sugarcane ,- ,- ,- ,- ,- ,- ,10,28,2800,- ,- ,- ,5,4,800,6,7,1100,22,64,2909,18,56,3111,28,99,3536,12,43,3583,10,37,3700,111,338,3045
b) ,Tobacco ,- ,- ,- ,- ,- ,- ,41,60,1463,- ,- ,- ,- ,- ,- ,- ,- ,- ,99,94,949,134,125,933,232,214,922,153,152,993,127,113,890,786,758,949
GRAND TOTAL ,,12241,39356,3215,10099,26064,2581,10653,19560,1836,3737,6557,1755,4988,10277,2060,12958,25905,1999,13918,26880,1931,12243,28271,2309,56797,178408,3141,28591,94752,3314,13050,31006,2376,180727,490711,2715
,N.B.: ** Jute & Mesta = In bales of 180 Kgs/each,,,,,,,,,,,,,,,,,* Cotton = In bales of 170 Kgs/each,,,,,,,,,,,,,,,,,,,
,Sd/-,,,,,,,,Sd/-,,,,,,,,,Sd/-,,,,,,,Sd/-,,,,,,,,Sd/-,,,,
"Chairman,",,,,,,,,"Member Secretary,",,,,,,,,,,"Member,",,,,,,Member,,,,,,,, Member,,,,,
State Level Crop Committee,,,,,,,,,"Director,",,,,,,,,"Director of Agriculture,",,,,,," Director of Horticulture,",,,,,,,,"Director of Soil & Water Conservation,",,,,,,
"Join Secretary, Agriculture/Horticulture Deptt.",,,,,,,,Economics & Statistics.,,,,,,,,,Government of Meghalaya.,,,,,,Government of Meghalaya.,,,,,,,,Government of Meghalaya. ,,,,,,
Government of Meghalaya.,,,,,,,,Government of Meghalaya. ,,,,,,,,,,,,,,,,,,,,,,,,,,,,,
,,,,,,,,,,,,,,GOVERNMENT OF MEGHALAYA.,,,,,,,,,,,,,,,,,, Area: In Hectares ,,,,,
,,,,,,,,,,,,"DIRECTORATE OF AGRICULTURE, MEGHALAYA, SHILLONG.",,,,,,,,,,,,,,,,,,,,Production: In Metric Tonnes ,,,,,
,STATE: MEGHALAYA,,(Provisional),,,,,,,,"DISTRICT WISE AREA, PRODUCTION & YIELD OF AGRICULTURAL CROPS FOR 2015-2016",,,,,,,,,,,,,,,,,,,,, Yield: In Kg/Hectare. ,,,,,
,,,Ri-Bhoi District ,,,,,,,,,,,,,,,,,,,,,,,,,,,,,,,,,,
Sl,NAME OF,,,,,East Khasi Hills ,,,West Khasi Hills ,,South west Khasi Hills ,,,,East Jaintia Hills ,,,WestJaintia Hills ,,,East Garo Hills ,,North,Garo Hills ,,West Garo Hills ,,,,South West Garo ,,South Garo Hills ,,,TOTAL MEGHALAYA ,,
No. ,CROPS ,,,,,,,,,,,,,,,,,,,,,,,,,,,,,,,,,,,,
,,Area ,Prodn. ,AY ,Area ,Prodn. ,AY ,Area ,Prodn. ,AY ,Area ,Prodn. ,AY ,Area ,Prodn ,AY ,Area ,Prodn. ,AY ,Area ,Prodn. ,AY ,Area ,Prodn ,AY ,Area ,Prodn. ,AY ,Area ,Prodn. ,AY ,Area ,Prodn. ,AY ,Area ,Prodn. ,AY 
1,2,3,4,5,6,7,8,9,10,11,12,13,14,15,16,17,18,19,20,21,22,23,24,25,26,27,28,29,30,31,32,33,34,35,36,37,38
,RICE ,,,,,,,,,,,,,,,,,,,,,,,,,,,,,,,,,,,,
1,,,,,,,,,,,,,,,,,,,,,,,,,,,,,,,,,,,,,
,Autumn ,165,570,3455,290,979,3376,60,149,2483,35,81,2314,28,71,2536,82,220,2683,5857,15674,2676,5003,12996,2598,11338,27803,2452,5422,12455,2297,4920,11336,2304,33200,82334,2480
a) ,,,,,,,,,,,,,,,,,,,,,,,,,,,,,,,,,,,,,
,Rice ,,,,,,,,,,,,,,,,,,,,,,,,,,,,,,,,,,,,
,,9295,33388,3592,5445,13231,2430,5990,11660,1947,1725,3315,1922,4347,9387,2159,7938,18389,2317,3163,6181,1954,3697,8438,2282,11382,33877,2976,7387,21360,2892,3360,8413,2504,63729,167639,2630
b) ,Winter Rice ,,,,,,,,,,,,,,,,,,,,,,,,,,,,,,,,,,,,
,,190,418,2200,135,288,2133,24,54,2250,40,105,2625,23,57,2478,82,198,2415,32,60,1875,88,149,1693,7854,38426,4893,4931,24246,4917,285,405,1421,13684,64406,4707
c) ,Spring Rice ,,,,,,,,,,,,,,,,,,,,,,,,,,,,,,,,,,,,
TOTAL RICE ,,9650,34376,3562,5870,14498,2470,6074,11863,1953,1800,3501,1945,4398,9515,2163,8102,18807,2321,9052,21915,2421,8788,21583,2456,30574,100106,3274,17740,58061,3273,8565,20154,2353,110613,314379,2842
2,Wheat ,- ,- ,- ,- ,- ,- ,7,11,1571,- ,- ,- ,- ,- ,- ,- ,- ,- ,15,18,1200,42,61,1452,193,397,2057,207,428,2068,- ,- ,- ,464,915,1972
3,Maize ,2360,7627,3232,3117,10630,3410,4582,8993,1962,2027,3423,1689,521,1195,2294,4246,8087,1905,1181,2360,1998,437,918,2101,4670,11219,2402,2214,5457,2465,1493,2647,1773,26848,62556,2330
,SMALL,,,,,,,,,,,,,,,,,,,,,,,,,,,,,,,,,,,,
4,MILLETS ,,,,,,,,,,,,,,,,,,,,,,,,,,,,,,,,,,,,
a) ,Finger,,,,,,,,,,,,,,,,,,,,,,,,,,,,,,,,,,,,
,Millet ,13,16,1231,73,92,1260,175,221,1263,25,32,1280,- ,- ,- ,158,219,1386,217,185,853,36,30,833,210,158,752,- ,- ,- ,22,37,1682,929,990,1066
b) ,Foxtail,11,14,1273,51,75,1471,43,59,1372,5,7,1400,- ,- ,- ,49,81,1653,163,230,1411,36,47,1306,832,538,647,208,152,731,156,195,1250,1554,1398,900
,Millet ,,,,,,,,,,,,,,,,,,,,,,,,,,,,,,,,,,,,
c) ,,- ,- ,- ,46,58,1261,49,60,1224,7,10,1429,- ,- ,- ,- ,- ,- ,51,61,1196,30,34,1133,59,41,695,26,12,462,59,75,1271,327,351,1073
,Pearl Millet ,,,,,,,,,,,,,,,,,,,,,,,,,,,,,,,,,,,,
d) ,,- ,- ,- ,50,46,920,- ,- ,- ,- ,- ,- ,- ,- ,- ,- ,- ,- ,- ,- ,- ,- ,- ,- ,- ,- ,- ,- ,- ,- ,- ,- ,- ,50,46,920
,Job’s tear ,,,,,,,,,,,,,,,,,,,,,,,,,,,,,,,,,,,,
e) ,Other,6,6,1000,41,66,1610,- ,- ,- ,- ,- ,- ,- ,- ,- ,- ,- ,- ,- ,- ,- ,- ,- ,- ,- ,- ,- ,- ,- ,- ,- ,- ,- ,47,72,1532
,Millets ,,,,,,,,,,,,,,,,,,,,,,,,,,,,,,,,,,,,
TOTAL SMALL,,30,36,1200,261,337,1291,267,340,1273,37,49,1324,- ,- ,- ,207,300,1449,431,476,1104,102,111,1088,1101,737,669,234,164,701,237,307,1295,2907,2857,983
,MILLETS ,,,,,,,,,,,,,,,,,,,,,,,,,,,,,,,,,,,,
5,PULSES ,,,,,,,,,,,,,,,,,,,,,,,,,,,,,,,,,,,,
,,60,76,1267,567,2034,3587,57,131,2298,6,14,2333,19,20,1053,103,121,1175,195,228,1169,107,128,1196,791,1014,1282,331,449,1356,102,379,3716,2338,4594,1965
a) ,Pea ,,,,,,,,,,,,,,,,,,,,,,,,,,,,,,,,,,,,
b) ,Cow Pea ,14,22,1571,18,66,3667,16,29,1813,3,9,3000,22,23,1045,35,45,1286,124,135,1089,108,96,889,823,1561,1897,149,241,1617,330,341,1033,1642,2568,1564
c) ,Lentil ,- ,- ,- ,78,170,2179,- ,- ,- ,- ,- ,- ,- ,- ,- ,- ,- ,- ,17,26,1529,27,48,1778,638,660,1034,449,438,976,35,61,1743,1244,1403,1128
d) ,Tur (Arhar) ,- ,- ,- ,- ,- ,- ,- ,- ,- ,- ,- ,- ,- ,- ,- ,- ,- ,- ,72,72,1000,48,47,979,582,827,1421,319,458,1436,137,108,788,1158,1512,1306
e) ,Gram ,- ,- ,- ,- ,- ,- ,- ,- ,- ,- ,- ,- ,- ,- ,- ,- ,- ,- ,315,309,981,412,466,1131,754,836,1109,280,341,1218,71,79,1113,1832,2031,1109
TOTAL,PULSES ,74,98,1324,663,2270,3424,73,160,2192,9,23,2556,41,43,1049,138,166,1203,723,770,1065,702,785,1118,3588,4898,1365,1528,1927,1261,675,968,1434,8214,12108,1474
,TOTAL,,,,,,,,,,,,,,,,,,,,,,,,,,,,,,,,,,,,
FOODGRAINS ,,12114,42137,3478,9911,27735,2798,11003,21367,1942,3873,6996,1806,4960,10753,2168,12693,27360,2156,11402,25539,2240,10071,23458,2329,40126,117357,2925,21923,66037,3012,10970,24076,2195,149046,392815,2636
6,OILSEEDS ,,,,,,,,,,,,,,,,,,,,,,,,,,,,,,,,,,,,
,,6,10,1667,- ,- ,- ,- ,- ,- ,- ,- ,- ,- ,- ,- ,- ,- ,- ,18,18,1000,13,10,769,18,13,722,23,19,826,- ,- ,- ,78,70,897
a) ,Castor ,,,,,,,,,,,,,,,,,,,,,,,,,,,,,,,,,,,,
b) ,Sesamum ,- ,- ,- ,74,117,1581,36,44,1222,6,10,1667,10,9,900,30,26,867,259,252,973,77,78,1013,1089,1114,1023,447,483,1081,214,214,1000,2242,2347,1047
,Rape,,,,,,,,,,,,,,,,,,,,,,,,,,,,,,,,,,,,
c) ,,203,149,734,94,84,894,34,33,971,5,4,800,11,9,818,81,73,901,330,264,800,564,621,1101,5453,5525,1013,2750,2752,1001,287,251,875,9812,9765,995
,&Mustard ,,,,,,,,,,,,,,,,,,,,,,,,,,,,,,,,,,,,
d) ,Soyabean ,250,331,1324,359,468,1304,45,56,1244,5,8,1600,65,110,1692,608,930,1530,95,103,1084,104,120,1154,140,879,6278,90,562,6244,18,40,2222,1779,3607,2028
e) ,Linseed ,- ,- ,- ,- ,- ,- ,- ,- ,- ,- ,- ,- ,- ,- ,- ,- ,- ,- ,- ,- ,- ,- ,- ,- ,78,44,564,13,8,615,- ,- ,- ,91,52,571
f) ,Sunflower ,- ,- ,- ,- ,- ,- ,- ,- ,- ,- ,- ,- ,- ,- ,- ,- ,- ,- ,- ,- ,- ,- ,- ,- ,- ,- ,- ,- ,- ,- ,- ,- ,- ,546,1163,2130
g) ,Groundnut ,- ,- ,- ,- ,- ,- ,- ,- ,- ,- ,- ,- ,- ,- ,- ,- ,- ,- ,- ,- ,- ,- ,- ,- ,- ,- ,- ,- ,- ,- ,- ,- ,- ,950,2659,2799
TOTAL OILSEEDS ,,459,490,1068,527,669,1269,115,133,1157,16,22,1375,86,128,1488,719,1029,1431,702,637,907,758,829,1094,6778,7575,1118,3323,3824,1151,519,505,973,15498,19663,1269
7,Fibre Crops ,,,,,,,,,,,,,,,,,,,,,,,,,,,,,,,,,,,,
,,- ,- ,- ,- ,- ,- ,- ,- ,- ,- ,- ,- ,- ,- ,- ,- ,- ,- ,1820,1884,176,869,812,159,3997,5995,255,452,705,265,204,278,232,7342,9674,224
 a) ,Cotton* ,,,,,,,,,,,,,,,,,,,,,,,,,,,,,,,,,,,,
 b) ,Jute** ,- ,- ,- ,- ,- ,- ,- ,- ,- ,- ,- ,- ,- ,- ,- ,- ,- ,- ,47,552,2114,416,4761,2060,4015,42830,1920,1773,19115,1941,519,2699,936,6770,69957,1860
c) ,Mesta** ,- ,- ,- ,- ,- ,- ,- ,- ,- ,- ,- ,- ,- ,- ,- ,- ,- ,- ,19,119,1127,53,348,1182,2275,13331,1055,1333,8169,1103,905,5543,1102,4585,27510,1080
8,Other Crops ,,,,,,,,,,,,,,,,,,,,,,,,,,,,,,,,,,,,
,,- ,- ,- ,- ,- ,- ,12,35,2917,- ,- ,- ,6,5,833,9,12,1333,29,89,3069,20,63,3150,30,130,4333,12,46,3833,12,45,3750,130,425,3269
a) ,Sugarcane ,,,,,,,,,,,,,,,,,,,,,,,,,,,,,,,,,,,,
b) ,Tobacco ,- ,- ,- ,- ,- ,- ,42,70,1667,- ,- ,- ,- ,- ,- ,- ,- ,- ,100,95,950,137,129,942,235,221,940,154,155,1006,129,106,822,797,776,974
GRAND TOTAL ,,12573,42627,3390,10438,28404,2721,11172,21605,1934,3889,7018,1805,5052,10886,2155,13421,28401,2116,14119,28915,2048,12324,30400,2467,57456,187439,3262,28970,98051,3385,13258,33252,2508,184168,520820,2828
,,N.B.: ** Jute & Mesta = In bales of 180 Kgs/each,,,,,,,,,,,,,,* Cotton = In bales of 170 Kgs/each,,,,,,,,,,,,,,,,,,,,,
,,,,,,,,,,,,,,,,,,,,,,,,,,,,,,,,Monitoring Cum Evaluation Officer ,,,,,
,,,,,,,,,,,,,,,,,,,,,,,,,,,,,,,,Directorate of Agriculture & Horticulture ,,,,,
,,,,,,,,,,,,,,,,,,,,,,,,,,,,,,,,,Government of Meghalaya ,,,,
,,,,,,,,,,,,,,,GOVERNMENT OF MEGHALAYA.,,,,,,,,,,,,,,,,,, Area: In Hectares ,,,,
,,,,,,,,,,,,,,"DIRECTORATE OF AGRICULTURE, MEGHALAYA, SHILLONG.",,,,,,,,,,,,,,,,,,,Production: In Metric Tonnes ,,,,
,STATE: MEGHALAYA,,(Provisional),,,,,,,,"DISTRICT WISE AREA, PRODUCTION & YIELD OF AGRICULTURAL CROPS FOR 2016-2017",,,,,,,,,,,,,,,,,,,,,, Yield: In Kg/Hectare. ,,,,
,,,Ri-Bhoi District ,,,,,,,,,,,,,,,,,,,,,,,,,,,,,,,,,,
Sl,NAME OF,,,,,East Khasi Hills ,,,West Khasi Hills ,,South west Khasi Hills ,,,,East Jaintia Hills ,,,WestJaintia Hills ,,,East Garo Hills ,,North,Garo Hills ,,West Garo Hills ,,,,South West Garo ,,South Garo Hills ,,,TOTAL MEGHALAYA ,,
No. ,CROPS ,,,,,,,,,,,,,,,,,,,,,,,,,,,,,,,,,,,,
,,Area ,Prodn. ,AY ,Area ,Prodn. ,AY ,Area ,Prodn. ,AY ,Area ,Prodn. ,AY ,Area ,Prodn ,AY ,Area ,Prodn. ,AY ,Area ,Prodn. ,AY ,Area ,Prodn ,AY ,Area ,Prodn. ,AY ,Area ,Prodn. ,AY ,Area ,Prodn. ,AY ,Area ,Prodn. ,AY 
1,2,3,4,5,6,7,8,9,10,11,12,13,14,15,16,17,18,19,20,21,22,23,24,25,26,27,28,29,30,31,32,33,34,35,36,37,38
,RICE ,,,,,,,,,,,,,,,,,,,,,,,,,,,,,,,,,,,,
1,,,,,,,,,,,,,,,,,,,,,,,,,,,,,,,,,,,,,
,Autumn ,171,611,3573,300,1049,3497,65,169,2600,39,94,2410,30,80,2667,86,244,2837,5870,16900,2879,5015,14013,2794,11358,29633,2609,5436,13729,2526,4940,12296,2489,33310,88818,
a) ,,,,,,,,,,,,,,,,,,,,,,,,,,,,,,,,,,,,,
,Rice ,,,,,,,,,,,,,,,,,,,,,,,,,,,,,,,,,,,,2666
,Winter ,9313,34384,3692,5455,14238,2610,5999,12401,2067,1731,3762,2173,4357,10137,2327,7953,19604,2465,3137,6756,2129,3705,8967,2420,11404,34608,3035,7405,21875,2954,3375,8957,2654,63834,175689,
b) ,,,,,,,,,,,,,,,,,,,,,,,,,,,,,,,,,,,,,
,Rice ,,,,,,,,,,,,,,,,,,,,,,,,,,,,,,,,,,,,2752
,Spring ,198,455,2298,144,321,2229,27,61,2259,46,122,2652,25,63,2520,87,217,2494,34,69,2029,93,162,1742,7859,39274,4997,4934,24691,5004,300,450,1500,13747,65885,
c) ,,,,,,,,,,,,,,,,,,,,,,,,,,,,,,,,,,,,,
,Rice ,,,,,,,,,,,,,,,,,,,,,,,,,,,,,,,,,,,,4793
,TOTAL RICE ,9682,35450,3661,5899,15608,2646,6091,12631,2074,1816,3978,2191,4412,10280,2330,8126,20065,2469,9041,23725,2624,8813,23142,2626,30621,103515,3381,17775,60295,3392,8615,21703,2519,110891,330392,2979
2,Wheat ,- ,- ,- ,- ,- ,- ,9,15,1667,- ,- ,- ,- ,- ,- ,- ,- ,- ,16,21,1313,44,68,1545,201,422,2100,219,486,2219,- ,- ,- ,489,1012,2070
3,Maize ,2598,8727,3359,3429,12011,3503,5035,10247,2035,2230,3999,1793,578,1433,2479,4666,9126,1956,1304,2678,2054,481,946,1967,5130,12692,2474,2435,6183,2539,1647,3014,1830,29533,71056,2406
,SMALL,,,,,,,,,,,,,,,,,,,,,,,,,,,,,,,,,,,,
4,MILLETS ,,,,,,,,,,,,,,,,,,,,,,,,,,,,,,,,,,,,
a) ,Finger,,,,,,,,,,,,,,,,,,,,,,,,,,,,,,,,,,,,
,Millet ,15,20,1333,74,102,1378,177,240,1356,26,37,1423,- ,- ,- ,161,231,1435,218,213,977,37,35,946,212,169,797,- ,- ,- ,23,40,1739,943,1087,1153
b) ,Foxtail,13,17,1308,52,80,1538,44,63,1432,5,8,1600,- ,- ,- ,51,87,1706,164,243,1482,37,52,1405,833,553,664,209,160,766,159,208,1308,1567,1471,939
,Millet ,,,,,,,,,,,,,,,,,,,,,,,,,,,,,,,,,,,,
c) ,Pearl,- ,- ,- ,47,62,1319,50,64,1280,7,11,1571,- ,- ,- ,- ,- ,- ,52,67,1288,30,35,1167,60,43,717,26,13,500,60,80,1333,332,375,1130
,Millet ,,,,,,,,,,,,,,,,,,,,,,,,,,,,,,,,,,,,
d) ,,- ,- ,- ,51,49,961,- ,- ,- ,- ,- ,- ,- ,- ,- ,- ,- ,- ,- ,- ,- ,- ,- ,- ,- ,- ,- ,- ,- ,- ,- ,- ,- ,51,49,961
,Job’s tear ,,,,,,,,,,,,,,,,,,,,,,,,,,,,,,,,,,,,
e) ,Other,7,8,1143,42,68,1619,- ,- ,- ,- ,- ,- ,- ,- ,- ,- ,- ,- ,- ,- ,- ,- ,- ,- ,- ,- ,- ,- ,- ,- ,- ,- ,- ,49,76,1551
,Millets ,,,,,,,,,,,,,,,,,,,,,,,,,,,,,,,,,,,,
TOTAL SMALL,,35,45,1286,266,361,1357,271,367,1354,38,56,1474,- ,- ,- ,212,318,1500,434,523,1205,104,122,1173,1105,765,692,235,173,736,242,328,1355,2942,3058,1039
,MILLETS ,,,,,,,,,,,,,,,,,,,,,,,,,,,,,,,,,,,,
5,PULSES ,,,,,,,,,,,,,,,,,,,,,,,,,,,,,,,,,,,,
,,63,83,1317,570,2069,3630,59,138,2339,6,15,2500,20,22,1100,105,128,1219,197,240,1218,108,132,1222,793,1063,1340,332,467,1407,105,398,3790,2358,4755,
a) ,Pea ,,,,,,,,,,,,,,,,,,,,,,,,,,,,,,,,,,,,2017
b) ,Cow Pea ,16,26,1625,21,78,3714,18,33,1833,3,10,3333,23,25,1087,37,51,1378,126,147,1167,109,101,927,825,1596,1935,150,257,1713,333,362,1087,1661,2686,1617
c) ,Lentil ,- ,- ,- ,81,181,2235,- ,- ,- ,- ,- ,- ,- ,- ,- ,- ,- ,- ,18,28,1556,29,54,1862,640,707,1105,450,448,996,38,68,1789,1256,1486,1183
,Tur,,,,,,,,,,,,,,,,,,,,,,,,,,,,,,,,,,,,
d) ,,- ,- ,- ,- ,- ,- ,- ,- ,- ,- ,- ,- ,- ,- ,- ,- ,- ,- ,73,76,1041,48,48,1000,591,868,1469,322,469,1457,139,112,806,1173,1573,
,(Arhar) ,,,,,,,,,,,,,,,,,,,,,,,,,,,,,,,,,,,,1341
e) ,Gram ,- ,- ,- ,- ,- ,- ,- ,- ,- ,- ,- ,- ,- ,- ,- ,- ,- ,- ,319,333,1044,417,501,1201,762,897,1177,285,371,1302,73,85,1164,1856,2187,1178
TOTAL,PULSES ,79,109,1380,672,2328,3464,77,171,2221,9,25,2778,43,47,1093,142,179,1261,733,824,1124,711,836,1176,3611,5131,1421,1539,2012,1307,688,1025,1490,8304,12687,1528
,TOTAL,,,,,,,,,,,,,,,,,,,,,,,,,,,,,,,,,,,,
,FOODGRAINS ,12394,44331,3577,10266,30308,2952,11483,23431,2040,4093,8058,1969,5033,11760,2337,13146,29688,2258,11528,27771,2409,10153,25114,2474,40668,122525,3013,22203,69149,3114,11192,26070,2329,152159,418205,2748
6,OILSEEDS ,,,,,,,,,,,,,,,,,,,,,,,,,,,,,,,,,,,,
,,7,12,1714,- ,- ,- ,- ,- ,- ,- ,- ,- ,- ,- ,- ,- ,- ,- ,21,23,1095,15,12,800,20,15,750,26,24,923,- ,- ,- ,89,86,
a) ,Castor ,,,,,,,,,,,,,,,,,,,,,,,,,,,,,,,,,,,,966
b) ,Sesamum ,- ,- ,- ,76,124,1632,37,46,1243,7,12,1714,12,11,917,32,30,938,262,273,1042,79,89,1127,1097,1268,1156,453,515,1137,217,229,1055,2272,2597,1143
,Rape,,,,,,,,,,,,,,,,,,,,,,,,,,,,,,,,,,,,
c) ,,206,165,801,96,91,948,35,35,1000,6,5,833,12,10,833,82,76,927,332,282,849,567,653,1152,5468,5899,1079,2760,2987,1082,290,293,1010,9854,10496,
,&Mustard ,,,,,,,,,,,,,,,,,,,,,,,,,,,,,,,,,,,,1065
d) ,Soyabean ,260,361,1388,374,516,1380,48,62,1292,6,10,1667,73,130,1781,625,987,1579,99,110,1111,108,131,1213,146,930,6370,94,592,6298,20,45,2250,1853,3874,2091
e) ,Linseed ,- ,- ,- ,- ,- ,- ,- ,- ,- ,- ,- ,- ,- ,- ,- ,- ,- ,- ,- ,- ,- ,- ,- ,- ,79,47,595,14,9,643,- ,- ,- ,93,56,602
f) ,Sunflower ,- ,- ,- ,- ,- ,- ,- ,- ,- ,- ,- ,- ,- ,- ,- ,- ,- ,- ,- ,- ,- ,- ,- ,- ,- ,- ,- ,- ,- ,- ,- ,- ,- ,560,1218,2175
g) ,Groundnut ,- ,- ,- ,- ,- ,- ,- ,- ,- ,- ,- ,- ,- ,- ,- ,- ,- ,- ,- ,- ,- ,- ,- ,- ,- ,- ,- ,- ,- ,- ,- ,- ,- ,992,2796,2819
,TOTAL,,,,,,,,,,,,,,,,,,,,,,,,,,,,,,,,,,,,
,,473,538,1137,546,731,1339,120,143,1192,19,27,1421,97,151,1557,739,1093,1479,714,688,964,769,885,1151,6810,8159,1198,3347,4127,1233,527,567,1076,15713,21123,
,OILSEEDS ,,,,,,,,,,,,,,,,,,,,,,,,,,,,,,,,,,,,1344
,Fibre,,,,,,,,,,,,,,,,,,,,,,,,,,,,,,,,,,,,
7,,,,,,,,,,,,,,,,,,,,,,,,,,,,,,,,,,,,,
,Crops ,- ,- ,- ,- ,- ,- ,- ,- ,- ,- ,- ,- ,- ,- ,- ,- ,- ,- ,1831,2060,191,875,897,174,4020,6512,275,458,830,308,205,306,254,7389,10605,
 a) ,,,,,,,,,,,,,,,,,,,,,,,,,,,,,,,,,,,,,
,Cotton* ,,,,,,,,,,,,,,,,,,,,,,,,,,,,,,,,,,,,244
 b) ,Jute** ,- ,- ,- ,- ,- ,- ,- ,- ,- ,- ,- ,- ,- ,- ,- ,- ,- ,- ,50,602,2167,424,4834,2095,4107,44691,1959,1813,19865,1972,531,2813,954,6925,72905,1895
c) ,Mesta** ,- ,- ,- ,- ,- ,- ,- ,- ,- ,- ,- ,- ,- ,- ,- ,- ,- ,- ,19,121,1146,54,367,1223,2309,13835,1079,1358,8480,1124,920,5752,1125,4660,28555,1103
,Other,,,,,,,,,,,,,,,,,,,,,,,,,,,,,,,,,,,,
8,,,,,,,,,,,,,,,,,,,,,,,,,,,,,,,,,,,,,
,Crops ,- ,- ,- ,- ,- ,- ,15,44,2933,- ,- ,- ,7,6,857,11,15,1364,33,104,3152,22,70,3182,32,140,4375,13,50,3846,15,57,3800,148,486,
a) ,,,,,,,,,,,,,,,,,,,,,,,,,,,,,,,,,,,,,
,Sugarcane ,,,,,,,,,,,,,,,,,,,,,,,,,,,,,,,,,,,,3284
b) ,Tobacco ,- ,- ,- ,- ,- ,- ,44,75,1705,- ,- ,- ,- ,- ,- ,- ,- ,- ,101,98,970,139,136,978,238,235,987,156,163,1045,132,111,841,810,818,1010
GRAND TOTAL ,,12867,44869,3487,10812,31039,2871,11662,23693,2032,4112,8085,1966,5137,11917,2320,13896,30796,2216,14276,31444,2203,12436,32303,2598,58184,196097,3370,29348,102664,3498,13522,35676,2638,187804,552697,2943
N.B.: ** Jute & Mesta = In bales of 180 Kgs/each,,,,,,,,,,,,,* Cotton = In bales of 170 Kgs/each,,,,,,,,,,,,,,,,,,,,,,,,
,,,,,,,,,,,,,,,,,,,,,,,,,,,,,,,,Monitoring Cum Evaluation Officer ,,,,,
,,,,,,,,,,,,,,,,,,,,,,,,,,,,,,,,Directorate of Agriculture & Horticulture ,,,,,
,,,,,,,,,,,,,,,,,,,,,,,,,,,,,,,,Government of Meghalaya.,,,,,
