Crop,Crop_Year,Season,State,Area,Production,Annual_Rainfall,Fertilizer,Pesticide,Yield,Avg_Temp,Avg_Humidity,Total_Rainfall_Season
Ginger,1997,Kharif,Meghalaya,7357.0,45260,3818.2,700165.69,2280.67,6.054285714,20.918823529411764,88.92019607843137,0.0
Maize,1997,Kharif,Meghalaya,17175.0,24878,3818.2,1634544.75,5324.25,1.444285714,20.918823529411764,88.92019607843137,0.0
Potato,1997,Whole Year,Meghalaya,20764.0,200509,3818.2,1976109.88,6436.84,8.641428571,17.158575342465753,77.3053698630137,0.0
Rice,1997,Kharif,Meghalaya,105170.0,150101,3818.2,10009028.9,32602.7,1.378571429,20.918823529411764,88.92019607843137,0.0
Turmeric,1997,Whole Year,Meghalaya,1401.0,7126,3818.2,133333.17,434.31,5.425714286,17.158575342465753,77.3053698630137,0.0
Ginger,1998,Kharif,Meghalaya,7403.0,45590,6552.7,731416.4,2146.87,6.008571429,21.834640522875816,90.41019607843137,0.0
Maize,1998,Kharif,Meghalaya,17219.0,25272,6552.7,1701237.2,4993.51,1.457142857,21.834640522875816,90.41019607843137,0.0
Potato,1998,Whole Year,Meghalaya,20753.0,201059,6552.7,2050396.4,6018.37,7.738571429,17.841917808219176,79.7338904109589,0.0
Rice,1998,Kharif,Meghalaya,105402.0,149742,6552.7,10413717.6,30566.58,1.51,21.834640522875816,90.41019607843137,0.0
Turmeric,1998,Whole Year,Meghalaya,1375.0,6997,6552.7,135850.0,398.75,5.624285714,17.841917808219176,79.7338904109589,0.0
Ginger,1999,Kharif,Meghalaya,7606.0,44710,6200.3,807224.78,2053.62,5.765714286,21.530130718954247,89.95986928104575,0.0
Maize,1999,Kharif,Meghalaya,16637.0,24051,6200.3,1765684.81,4491.99,1.448571429,21.530130718954247,89.95986928104575,0.0
Potato,1999,Whole Year,Meghalaya,18339.0,143287,6200.3,1946318.07,4951.53,6.858571429,18.374356164383563,76.12775342465753,0.0
Rice,1999,Kharif,Meghalaya,102482.0,156887,6200.3,10876414.66,27670.14,1.605714286,21.530130718954247,89.95986928104575,0.0
Rice,1999,Rabi,Meghalaya,3929.0,13846,6200.3,416984.77,1060.83,1.755714286,13.804670329670328,69.69796703296704,0.0
Turmeric,1999,Whole Year,Meghalaya,1458.0,8196,6200.3,154737.54,393.66,5.284285714,18.374356164383563,76.12775342465753,0.0
Ginger,2000,Kharif,Meghalaya,7811.0,44900,6258.8,766805.87,2030.86,5.897142857,21.461764705882352,89.68581699346406,0.0
Maize,2000,Kharif,Meghalaya,16906.0,24250,6258.8,1659662.02,4395.56,1.437142857,21.461764705882352,89.68581699346406,0.0
Potato,2000,Whole Year,Meghalaya,18318.0,144292,6258.8,1798278.06,4762.68,6.954285714,17.52204918032787,79.14224043715848,0.0
Rice,2000,Kharif,Meghalaya,102657.0,165907,6258.8,10077837.69,26690.82,1.681428571,21.461764705882352,89.68581699346406,0.0
Rice,2000,Rabi,Meghalaya,4003.0,13135,6258.8,392974.51,1040.78,1.744285714,14.02983425414365,66.75779005524862,0.0
Turmeric,2000,Whole Year,Meghalaya,1523.0,8565,6258.8,149512.91,395.98,5.464285714,17.52204918032787,79.14224043715848,0.0
Ginger,2001,Kharif,Meghalaya,8897.0,36590,4241.0,908650.61,2313.22,5.837142857,21.61039215686274,90.21535947712418,0.0
Maize,2001,Kharif,Meghalaya,16866.0,25247,4241.0,1722524.58,4385.16,1.471428571,21.61039215686274,90.21535947712418,0.0
Potato,2001,Whole Year,Meghalaya,18151.0,159032,4241.0,1853761.63,4719.26,7.288571429,17.846136986301367,78.13895890410959,0.0
Rice,2001,Kharif,Meghalaya,107761.0,188971,4241.0,11005630.93,28017.86,1.751428571,21.61039215686274,90.21535947712418,0.0
Turmeric,2001,Whole Year,Meghalaya,1523.0,8577,4241.0,155543.99,395.98,5.511428571,17.846136986301367,78.13895890410959,0.0
Ginger,2003,Kharif,Meghalaya,8982.0,49215,3321.3,889038.36,2155.68,6.782857143,21.701568627450982,89.87941176470588,0.0
Maize,2003,Kharif,Meghalaya,16900.0,25929,3321.3,1672762.0,4056.0,1.528571429,21.701568627450982,89.87941176470588,0.0
Potato,2003,Whole Year,Meghalaya,18035.0,149428,3321.3,1785104.3,4328.4,7.241428571,17.72627397260274,82.11016438356164,0.0
Rice,2003,Kharif,Meghalaya,109721.0,200703,3321.3,10860184.58,26333.04,1.798571429,21.701568627450982,89.87941176470588,0.0
Turmeric,2003,Whole Year,Meghalaya,1561.0,8656,3321.3,154507.78,374.64,5.471428571,17.72627397260274,82.11016438356164,0.0
Ginger,2004,Kharif,Meghalaya,9222.0,47138,4767.9,999111.48,1936.62,6.122857143,20.989084967320263,89.49692810457516,0.0
Maize,2004,Kharif,Meghalaya,16875.0,24000,4767.9,1828237.5,3543.75,1.465714286,20.989084967320263,89.49692810457516,0.0
Potato,2004,Whole Year,Meghalaya,17287.0,141622,4767.9,1872873.58,3630.27,7.178571429,17.532349726775955,82.4796174863388,0.0
Rice,2004,Autumn,Meghalaya,32667.0,37766,4767.9,3539142.78,6860.07,1.492857143,18.89311475409836,87.21032786885246,0.0
Rice,2004,Summer,Meghalaya,9224.0,37439,4767.9,999328.16,1937.04,2.078333333,19.681475409836068,80.27926229508196,0.0
Rice,2004,Winter,Meghalaya,69659.0,118514,4767.9,7546856.06,14628.39,1.792857143,11.719777777777775,77.45288888888889,0.0
Turmeric,2004,Whole Year,Meghalaya,1682.0,9016,4767.9,182227.88,353.22,4.715714286,17.532349726775955,82.4796174863388,0.0
Ginger,2005,Kharif,Meghalaya,9625.0,53609,3374.4,1154230.0,2021.25,6.558571429,21.623660130718953,88.53692810457517,0.0
Maize,2005,Kharif,Meghalaya,16898.0,24424,3374.4,2026408.16,3548.58,1.481428571,21.623660130718953,88.53692810457517,0.0
Potato,2005,Whole Year,Meghalaya,17986.0,167030,3374.4,2156881.12,3777.06,7.768571429,17.852109589041095,82.42010958904109,0.0
Rice,2005,Autumn,Meghalaya,32678.0,43762,3374.4,3918745.76,6862.38,1.597142857,19.45909836065574,87.00967213114754,0.0
Rice,2005,Summer,Meghalaya,9791.0,39910,3374.4,1174136.72,2056.11,2.245,19.420081967213115,81.33967213114755,0.0
Rice,2005,Winter,Meghalaya,63602.0,124605,3374.4,7627151.84,13356.42,1.971428571,12.736666666666666,71.146,0.0
Turmeric,2005,Whole Year,Meghalaya,1817.0,10508,3374.4,217894.64,381.57,5.621428571,17.852109589041095,82.42010958904109,0.0
Ginger,2006,Kharif,Meghalaya,9639.0,57278,2454.7,1230996.69,2120.58,7.088571429,21.498627450980393,87.9170588235294,0.0
Maize,2006,Kharif,Meghalaya,17039.0,25334,2454.7,2176050.69,3748.58,1.541428571,21.498627450980393,87.9170588235294,0.0
Potato,2006,Rabi,Meghalaya,18173.0,188202,2454.7,2320873.83,3998.06,8.212857143,13.868232044198892,74.72082872928176,0.0
Rice,2006,Autumn,Meghalaya,32679.0,44736,2454.7,4173435.09,7189.38,1.641428571,19.437131147540985,84.91499999999999,0.0
Rice,2006,Rabi,Meghalaya,9854.0,39940,2454.7,1258454.34,2167.88,2.077142857,13.868232044198892,74.72082872928176,0.0
Rice,2006,Winter,Meghalaya,61752.0,115533,2454.7,7886347.92,13585.44,1.852857143,11.344999999999999,74.63466666666666,0.0
Turmeric,2006,Rabi,Meghalaya,1912.0,14449,2454.7,244181.52,420.64,6.125714286,13.868232044198892,74.72082872928176,0.0
Ginger,2008,Kharif,Meghalaya,9283.0,50286,3114.3,1327840.32,835.47,6.414285714,21.244575163398693,89.98320261437908,0.0
Maize,2008,Kharif,Meghalaya,17117.0,25716,3114.3,2448415.68,1540.53,1.545714286,21.244575163398693,89.98320261437908,0.0
Potato,2008,Whole Year,Meghalaya,17690.0,161138,3114.3,2530377.6,1592.1,7.417142857,17.723688524590163,81.80346994535519,0.0
Rice,2008,Autumn,Meghalaya,32570.0,41908,3114.3,4658812.8,2931.3,1.53,19.374754098360658,86.31434426229507,0.0
Rice,2008,Summer,Meghalaya,12752.0,46600,3114.3,1824046.08,1147.68,2.154285714,19.62532786885246,78.20229508196721,0.0
Rice,2008,Winter,Meghalaya,62723.0,115354,3114.3,8971897.92,5645.07,1.802857143,12.572999999999999,76.78477777777776,0.0
Turmeric,2008,Whole Year,Meghalaya,1959.0,10046,3114.3,280215.36,176.31,4.862857143,17.723688524590163,81.80346994535519,0.0
Ginger,2009,Kharif,Meghalaya,9321.0,54008,2995.9,1452398.22,1584.57,6.834285714,21.442941176470587,88.53483660130718,0.0
Maize,2009,Kharif,Meghalaya,17209.0,26167,2995.9,2681506.38,2925.53,1.574285714,21.442941176470587,88.53483660130718,0.0
Potato,2009,Whole Year,Meghalaya,17712.0,162445,2995.9,2759883.84,3011.04,7.318571429,18.007013698630136,80.74117808219178,0.0
Rice,2009,Autumn,Meghalaya,32560.0,41798,2995.9,5073499.2,5535.2,1.542857143,19.411311475409835,87.05557377049179,0.0
Rice,2009,Summer,Meghalaya,12777.0,46943,2995.9,1990912.14,2172.09,2.171428571,19.77655737704918,74.96581967213116,0.0
Rice,2009,Winter,Meghalaya,62825.0,115388,2995.9,9789391.5,10680.25,1.802857143,11.618999999999998,74.52844444444443,0.0
Ginger,2010,Kharif,Meghalaya,9438.0,56622,3119.7,1567746.18,2265.12,7.162857143,21.394117647058824,91.24366013071896,0.0
Maize,2010,Kharif,Meghalaya,17276.0,26500,3119.7,2869716.36,4146.24,1.561428571,21.394117647058824,91.24366013071896,0.0
Potato,2010,Whole Year,Meghalaya,17685.0,164647,3119.7,2937655.35,4244.4,7.374285714,18.073150684931505,83.26813698630137,0.0
Rice,2010,Autumn,Meghalaya,32596.0,42492,3119.7,5414521.56,7823.04,1.53,19.75147540983607,89.67434426229508,0.0
Rice,2010,Rabi,Meghalaya,12797.0,47413,3119.7,2125709.67,3071.28,2.077142857,14.140773480662984,76.3103314917127,0.0
Rice,2010,Winter,Meghalaya,62892.0,117116,3119.7,10446990.12,15094.08,1.828571429,11.325333333333335,75.70755555555554,0.0
Turmeric,2010,Whole Year,Meghalaya,1928.0,10058,3119.7,320260.08,462.72,5.167142857,18.073150684931505,83.26813698630137,0.0
Ginger,2011,Kharif,Meghalaya,9461.0,58132,4083.104545,1584906.72,3122.13,7.397142857,21.307254901960782,89.10228758169933,0.0
Maize,2011,Kharif,Meghalaya,17303.0,26939,4083.104545,2898598.56,5709.99,1.58,21.307254901960782,89.10228758169933,0.0
Potato,2011,Whole Year,Meghalaya,17717.0,165670,4083.104545,2967951.84,5846.61,7.448571429,17.609616438356166,81.88835616438357,0.0
Rice,2011,Autumn,Meghalaya,32605.0,43401,4083.104545,5461989.6,10759.65,1.511428571,19.251639344262294,86.76032786885247,0.0
Rice,2011,Rabi,Meghalaya,12836.0,54206,4083.104545,2150286.72,4235.88,2.07,13.86010989010989,72.44005494505494,0.0
Rice,2011,Winter,Meghalaya,63434.0,125124,4083.104545,10626463.68,20933.22,1.91,11.248555555555557,71.541,0.0
Turmeric,2011,Whole Year,Meghalaya,2000.0,10512,4083.104545,335040.0,660.0,5.21,17.609616438356166,81.88835616438357,0.0
Ginger,2012,Kharif,Meghalaya,9587.0,60149,2945.3,1445719.6,2971.97,7.545714286,21.63,90.83006535947712,0.0
Maize,2012,Whole Year,Meghalaya,18015.0,38732,2945.3,2716662.0,5584.65,2.2,17.786284153005465,80.28489071038251,0.0
Potato,2012,Whole Year,Meghalaya,18139.0,172955,2945.3,2735361.2,5623.09,7.585714286,17.786284153005465,80.28489071038251,0.0
Rice,2012,Autumn,Meghalaya,33000.0,66000,2945.3,4976400.0,10230.0,2.232857143,19.68295081967213,86.77213114754099,0.0
Rice,2012,Rabi,Meghalaya,13267.0,56786,2945.3,2000663.6,4112.77,2.13,14.733977900552485,68.460773480663,0.0
Rice,2012,Winter,Meghalaya,63484.0,142867,2945.3,9573387.2,19680.04,2.118571429,12.274333333333331,67.23222222222223,0.0
Turmeric,2012,Whole Year,Meghalaya,2208.0,12831,2945.3,332966.4,684.48,5.747142857,17.786284153005465,80.28489071038251,0.0
Ginger,2013,Kharif,Meghalaya,9752.0,63251,2448.4,1409066.48,2633.04,9.559090909,21.509084967320263,91.1526797385621,0.0
Maize,2013,Whole Year,Meghalaya,18025.0,39655,2448.4,2604432.25,4866.75,2.16,18.220328767123288,80.51679452054793,0.0
Potato,2013,Whole Year,Meghalaya,18449.0,181813,2448.4,2665696.01,4981.23,7.969090909,18.220328767123288,80.51679452054793,0.0
Rice,2013,Autumn,Meghalaya,22569.0,48727,2448.4,3260994.81,6093.63,2.448571429,19.607622950819675,88.03737704918031,0.0
Rice,2013,Rabi,Meghalaya,13444.0,58685,2448.4,1942523.56,3629.88,2.396363636,14.69596685082873,73.08265193370165,0.0
Rice,2013,Winter,Meghalaya,46424.0,111289,2448.4,6707803.76,12534.48,2.238571429,11.991666666666664,76.88344444444445,0.0
Turmeric,2013,Whole Year,Meghalaya,2465.0,15126,2448.4,356167.85,665.55,5.89,18.220328767123288,80.51679452054793,0.0
Ginger,2014,Kharif,Meghalaya,9777.0,63555,3484.4,1475935.92,3226.41,9.29,21.63464052287582,90.19169934640523,0.0
Maize,2014,Whole Year,Meghalaya,18037.0,40764,3484.4,2722865.52,5952.21,2.214545455,18.24027397260274,80.91495890410958,0.0
Potato,2014,Summer,Meghalaya,12435.0,139328,3484.4,1877187.6,4103.55,8.149090909,20.035491803278695,75.41155737704919,0.0
Potato,2014,Winter,Meghalaya,6038.0,42957,3484.4,911496.48,1992.54,6.598181818,12.939777777777778,74.49877777777778,0.0
Rice,2014,Autumn,Meghalaya,33102.0,76631,3484.4,4997077.92,10923.66,2.507272727,19.673360655737703,88.10901639344262,0.0
Rice,2014,Rabi,Meghalaya,13620.0,62687,3484.4,2056075.2,4494.6,2.505454545,15.047182320441989,75.43624309392266,0.0
Rice,2014,Winter,Meghalaya,63601.0,158920,3484.4,9601206.96,20988.33,2.319090909,12.939777777777778,74.49877777777778,0.0
Turmeric,2014,Whole Year,Meghalaya,2516.0,15671,3484.4,379815.36,830.28,5.997272727,18.24027397260274,80.91495890410958,0.0
Ginger,2015,Kharif,Meghalaya,9911.0,65979,3870.8,1565046.01,3270.63,9.690909091,21.524771241830067,91.15235294117646,0.0
Maize,2015,Kharif,Meghalaya,18056.0,41242,3870.8,2851222.96,5958.48,2.24,21.524771241830067,91.15235294117646,0.0
Potato,2015,Summer,Meghalaya,12498.0,140311,3870.8,1973559.18,4124.34,8.179090909,19.660573770491805,81.9044262295082,0.0
Potato,2015,Winter,Meghalaya,6063.0,43505,3870.8,957408.33,2000.79,6.711818182,12.174444444444445,75.68788888888889,0.0
Rice,2015,Autumn,Meghalaya,33136.0,77453,3870.8,5232505.76,10934.88,2.551818182,19.969426229508194,88.28647540983607,0.0
Rice,2015,Rabi,Meghalaya,13649.0,62901,3870.8,2155313.59,4504.17,2.557272727,15.141648351648355,77.45615384615385,0.0
Rice,2015,Winter,Meghalaya,63670.0,160722,3870.8,10054129.7,21011.1,2.347272727,12.174444444444445,75.68788888888889,0.0
Turmeric,2015,Whole Year,Meghalaya,2577.0,16324,3870.8,406934.07,850.41,6.138181818,18.191260273972603,83.5925205479452,0.0
Ginger,2016,Kharif,Meghalaya,9929.0,66055,3837.1,1521619.25,3475.15,9.662727273,21.777254901960784,90.89183006535949,0.0
Maize,2016,Kharif,Meghalaya,18128.0,41543,3837.1,2778116.0,6344.8,2.245454545,21.777254901960784,90.89183006535949,0.0
Potato,2016,Summer,Meghalaya,12554.0,142859,3837.1,1923900.5,4393.9,8.252727273,20.27229508196721,83.38844262295082,0.0
Potato,2016,Winter,Meghalaya,6341.0,44026,3837.1,971758.25,2219.35,6.522727273,13.39188888888889,73.68844444444446,0.0
Rice,2016,Autumn,Meghalaya,33646.0,78965,3837.1,5156249.5,11776.1,2.552727273,20.310409836065574,88.61237704918034,0.0
Rice,2016,Rabi,Meghalaya,13670.0,63373,3837.1,2094927.5,4784.5,2.573636364,15.25270718232044,77.95569060773481,0.0
Rice,2016,Winter,Meghalaya,63862.0,162180,3837.1,9786851.5,22351.7,2.359090909,13.39188888888889,73.68844444444446,0.0
Turmeric,2016,Whole Year,Meghalaya,2632.0,16386,3837.1,403354.0,921.2,5.911818182,18.603633879781423,84.09420765027322,0.0
Ginger,2017,Kharif,Meghalaya,9944.0,66195,4472.3,1565583.36,3778.72,9.665454545,21.70032679738562,91.5111111111111,0.0
Maize,2017,Kharif,Meghalaya,18152.0,41624,4472.3,2857850.88,6897.76,2.246363636,21.70032679738562,91.5111111111111,0.0
Potato,2017,Summer,Meghalaya,12559.0,142923,4472.3,1977288.96,4772.42,8.254545455,19.520901639344263,85.11688524590164,0.0
Potato,2017,Winter,Meghalaya,6354.0,44124,4472.3,1000373.76,2414.52,6.526363636,12.605333333333336,79.04877777777777,0.0
Rice,2017,Autumn,Meghalaya,33575.0,78848,4472.3,5286048.0,12758.5,2.551818182,20.116229508196724,88.38614754098361,0.0
Rice,2017,Rabi,Meghalaya,13683.0,63428,4472.3,2154251.52,5199.54,2.576363636,14.943701657458561,77.58397790055248,0.0
Rice,2017,Winter,Meghalaya,63883.0,162272,4472.3,10057739.52,24275.54,2.36,12.605333333333336,79.04877777777777,0.0
Turmeric,2017,Whole Year,Meghalaya,2649.0,16497,4472.3,417058.56,1006.62,5.915454545,18.42912328767123,84.20750684931507,0.0
Ginger,2018,Kharif,Meghalaya,9953.0,66273,5649.1,1614376.6,3483.55,9.666363636,21.439411764705884,90.03084967320262,0.0
Maize,2018,Kharif,Meghalaya,18163.0,41667,5649.1,2946038.6,6357.05,2.246363636,21.439411764705884,90.03084967320262,0.0
Potato,2018,Summer,Meghalaya,12569.0,143031,5649.1,2038691.8,4399.15,8.255454545,19.534098360655737,81.83344262295083,0.0
Potato,2018,Winter,Meghalaya,6360.0,44175,5649.1,1031592.0,2226.0,6.526363636,12.086888888888888,72.62100000000001,0.0
Rice,2018,Autumn,Meghalaya,33494.0,78214,5649.1,5432726.8,11722.9,2.545454545,19.298770491803275,87.08770491803278,0.0
Rice,2018,Rabi,Meghalaya,13624.0,63050,5649.1,2209812.8,4768.4,2.569090909,14.291104972375688,73.77154696132595,0.0
Rice,2018,Winter,Meghalaya,63814.0,161706,5649.1,10350630.8,22334.9,2.352727273,12.086888888888888,72.62100000000001,0.0
Turmeric,2018,Whole Year,Meghalaya,2658.0,16557,5649.1,431127.6,930.3,5.918181818,17.87441095890411,83.30846575342466,0.0
Ginger,2019,Kharif,Meghalaya,9963.0,66379,3844.4,1711244.88,3686.31,9.668181818,21.748562091503267,90.21235294117646,0.0
Maize,2019,Kharif,Meghalaya,18174.0,41760,3844.4,3121566.24,6724.38,2.254545455,21.748562091503267,90.21235294117646,0.0
Potato,2019,Summer,Meghalaya,12577.0,143122,3844.4,2160225.52,4653.49,8.257272727,19.51155737704918,80.24639344262296,0.0
Potato,2019,Winter,Meghalaya,6366.0,44226,3844.4,1093424.16,2355.42,6.527272727,11.338222222222223,79.89655555555557,0.0
Rice,2019,Autumn,Meghalaya,33480.0,78074,3844.4,5750524.8,12387.6,2.510909091,20.079016393442622,88.3822131147541,0.0
Rice,2019,Rabi,Meghalaya,13628.0,63081,3844.4,2340745.28,5042.36,2.57,14.113296703296703,78.50961538461539,0.0
Rice,2019,Winter,Meghalaya,63889.0,162321,3844.4,10973574.64,23638.93,2.36,11.338222222222223,79.89655555555557,0.0
Turmeric,2019,Whole Year,Meghalaya,2980.0,18614,3844.4,511844.8,1102.6,5.923636364,18.074027397260274,82.43419178082192,0.0
Ginger,2002,Kharif,Meghalaya,8896.0,46731,4355.3,842184.32,2224.0,6.488571429,21.113660130718955,89.4729411764706,0.0
Maize,2002,Kharif,Meghalaya,16922.0,25879,4355.3,1602005.74,4230.5,1.527142857,21.113660130718955,89.4729411764706,0.0
Potato,2002,Whole Year,Meghalaya,18071.0,167884,4355.3,1710781.57,4517.75,7.74,17.77208219178082,80.43208219178082,0.0
Rice,2002,Kharif,Meghalaya,107742.0,190937,4355.3,10199935.14,26935.5,1.767142857,21.113660130718955,89.4729411764706,0.0
Turmeric,2002,Whole Year,Meghalaya,1543.0,8642,4355.3,146075.81,385.75,5.442857143,17.77208219178082,80.43208219178082,0.0
Maize,2007,Kharif,Meghalaya,17048.0,25138,4702.0,2274203.2,2727.68,1.504285714,21.38562091503268,88.95013071895426,0.0
Rice,2007,Autumn,Meghalaya,32604.0,37918,4702.0,4349373.6,5216.64,1.498571429,19.605,86.525,0.0
Rice,2007,Summer,Meghalaya,11546.0,48132,4702.0,1540236.4,1847.36,2.022857143,19.38680327868853,78.73606557377049,0.0
Rice,2007,Winter,Meghalaya,62170.0,114027,4702.0,8293478.0,9947.2,1.812857143,10.934888888888889,74.79811111111111,0.0
